<?xml version="1.0" encoding="UTF-8"?>
<beans xmlns="http://www.springframework.org/schema/beans"
	xmlns:xsi="http://www.w3.org/2001/XMLSchema-instance"
	xsi:schemaLocation="http://www.springframework.org/schema/beans http://www.springframework.org/schema/beans/spring-beans.xsd">

	<bean id="customer" class="org.cap.model.CustomerBean" autowire="byName" init-method="init" destroy-method="destroy">
		<property name="custId" value="1001"/> 
		<property name="custName" value="Swetha"/> 
			<property name="regFee" value="1000.00"/>
			<!--  <property name="address" ref="address"></property>  -->
		<!-- <constructor-arg name="custId" value="2001" />
		<constructor-arg name="custName" value="Swetha" />
		<constructor-arg name="regFee" value="200" /> -->
		<!-- <constructor-arg name="address" ref="address" /> -->

	</bean>
	<bean id="address" class="org.cap.model.Address">
		<property name="streetName" value="NorthAvenue" />
		<property name="city" value="basnswada" />


	</bean>
	<!-- <bean id="address1" class="org.cap.model.Address">
		<property name="streetName" value="SouthAvenue" />
		<property name="city" value="chennai" />


	</bean>  -->

</beans>
